<?xml version="1.0" encoding="UTF-8"?>

<!--
 EXAMPLE EXPORT - Classification Scheme (using hierarchical classification)
 ==============
 This is an example of an export using the MoReq2010 export XML schema.
 In this example, a hierarchical classification service is exported in full.
 The MoReq2010 export XML schema is available at http://moreq2010.eu/export.xsd 
 -->

<Export xmlns="http://moreq2010.eu/export" ExportId="775c56f9-ad02-4a06-9339-b9fffdb1c324">

    <ExportComment Lang="en-GB">
        A sample export that shows a hierarchical classification service exported in full (the classification scheme is taken from ISO 15489-2:2001, 4.2.2.2).
    </ExportComment>

	<ExportCommencing>2011-04-20T16:17:01.836+01:00</ExportCommencing>

	<Compliance>
		<ImplementsServices>
			<ImplementsServiceId>cd532472-85b0-4c1c-82b4-5c8370b7d0e6</ImplementsServiceId> <!-- user and group service -->
			<ImplementsServiceId>2f6d05c6-51e6-4a32-a7fc-c0a6883eb85b</ImplementsServiceId> <!-- model role service -->
			<ImplementsServiceId>10fea10e-9c2f-4760-9095-f4f9295f4b19</ImplementsServiceId> <!-- classification service -->
			<ImplementsServiceId>ced3d0df-3f9f-4807-9e96-b5b790adad4a</ImplementsServiceId> <!-- record service -->
			<ImplementsServiceId>a600f8d0-2d58-418e-bb41-211d1fd42350</ImplementsServiceId> <!-- model metadata service -->
			<ImplementsServiceId>fd05e284-181f-4f5d-bd8c-4bed835c8931</ImplementsServiceId> <!-- disposal scheduling service -->
			<ImplementsServiceId>2e4a8618-c4b3-470f-8ccb-03e2d5e07026</ImplementsServiceId> <!-- disposal holding service -->
			<ImplementsServiceId>f09984a5-dd31-44d8-9607-22521667c78a</ImplementsServiceId> <!-- searching and reporting service -->
			<ImplementsServiceId>2777ab81-057e-4aa4-9595-69459ec2dc1e</ImplementsServiceId> <!-- export service -->
		</ImplementsServices>
		<ImplementsModules>
			<ImplementsModuleId>0f9584e5-552a-4a79-a8ea-3c2801765255</ImplementsModuleId> <!-- GUI -->
			<ImplementsModuleId>5c772478-0a49-4391-a1d4-a5cd142a72d1</ImplementsModuleId> <!-- hierarchical classification -->
			<ImplementsModuleId>13b6976c-2409-48ff-a576-a6f6662c5044</ImplementsModuleId> <!-- electronic components -->
		</ImplementsModules>
	</Compliance>
    
    <ContextualMetadataDefinitions>
        <ContextualDefinition SystemId="8b4262a7-87f7-42fb-a38d-f6e5ea18d29f" ExportedInFull="0">
            <ServiceId>a9e8f894-bde3-45dd-a2fb-d93d67fd4eb6</ServiceId>
            <Created>2011-04-14T15:10:12.831+01:00</Created>
            <Originated>2011-04-14T15:10:12.831+01:00</Originated>
            <FirstUsed>2011-04-18T09:12:31.289+01:00</FirstUsed>
            <AccessControlList IncludeInheritedRoles="1" />
            <Title Lang="en-GB">Hierarchical Number</Title>
            <Description Lang="en-GB">Numbers of the form "x.y.z"</Description>
            <ScopeNotes Lang="en-GB">Apply to hierarchical classes</ScopeNotes>
            <PresentationOrder>1</PresentationOrder>
            <MinOccurs>1</MinOccurs>
            <MaxOccurs>1</MaxOccurs>
            <IsModifiable>1</IsModifiable>
            <IsEntityReference>0</IsEntityReference>
            <Datatype xmlnamespace="http://www.w3.org/2001/XMLSchema">
                <![CDATA[
                    <simpleType>
                        <restriction base="token">
                            <pattern value="[1-9]([0-9])*.|[1-9]([0-9])*(.[1-9]([0-9])*)+"/>
                        </restriction>
                    </simpleType>
                ]]>
            </Datatype>
            <IsTextual>0</IsTextual>
            <RetainOnDestruction>1</RetainOnDestruction>
        </ContextualDefinition>
    </ContextualMetadataDefinitions>

	<Services>
        <!-- classification service - implements GUI and hierarchical classification modules -->
        <Service SystemId="5dd1029d-09e5-40a1-a9c0-e396fac8e0fd">
            <ServiceProperties ExportedInFull="1">
                <AccessControlList>
                    <AccessControlEntry UserOrGroupId="35a56e2a-2bee-4eed-a413-c02f2544a631">
                        <RoleId>f2a57e48-77f0-491a-8238-ee4dd5de2b5d</RoleId>
                    </AccessControlEntry>
                </AccessControlList>
                <SupplierInformation Lang="en-GB">MoReq Governance Board</SupplierInformation>
                <DefaultLanguage>en-GB</DefaultLanguage>
                <Title Lang="en-GB">Classification Service</Title>
                <Description Lang="en-GB">Containing a hierarchical classification scheme</Description>
                <OwnerInformation Lang="en-GB">DLM Forum Foundation</OwnerInformation>
                <ImplementsServices>
                    <ImplementsServiceId>10fea10e-9c2f-4760-9095-f4f9295f4b19</ImplementsServiceId> <!-- classification service -->
                    <ImplementsServiceId>f09984a5-dd31-44d8-9607-22521667c78a</ImplementsServiceId> <!-- searching and reporting service -->
                    <ImplementsServiceId>2777ab81-057e-4aa4-9595-69459ec2dc1e</ImplementsServiceId> <!-- export service -->
                </ImplementsServices>
                <ImplementsModules>
                    <ImplementsModuleId>0f9584e5-552a-4a79-a8ea-3c2801765255</ImplementsModuleId> <!-- GUI -->
                    <ImplementsModuleId>5c772478-0a49-4391-a1d4-a5cd142a72d1</ImplementsModuleId> <!-- hierarchical classification -->
                </ImplementsModules>
                <McrsCertificates>
                    <McrsCertificateId>00000000-0000-0000-0000-000000000000</McrsCertificateId>
                </McrsCertificates>
            </ServiceProperties>
            <Classes>
                <HierarchicalClass SystemId="8368253a-9d9d-4508-80a9-1adc06d1d4b5" ExportedInFull="1">
                    <AccessControlList IncludeInheritedRoles="1" />
                    <Created>2011-04-18T09:12:31.289+01:00</Created>
                    <Originated>2011-04-18T09:12:31.289+01:00</Originated>
                    <Title Lang="en-GB">Managing Human Resources</Title>
                    <DefaultDisposalScheduleId>ea5d6b82-9a9e-4dcb-af25-d04a0af5d0a2</DefaultDisposalScheduleId>
                    <ContextualElements>
                        <ContextualElement DefId="8b4262a7-87f7-42fb-a38d-f6e5ea18d29f">1.</ContextualElement>
                    </ContextualElements>
                    <!-- NOTE that there is no "HierarchicalParentClassId" element indicating that this is a top level class -->
                </HierarchicalClass>
                <HierarchicalClass SystemId="76a45b73-4dee-40c3-9361-23d3157595c3" ExportedInFull="1">
                    <AccessControlList IncludeInheritedRoles="1" />
                    <Created>2011-04-18T09:16:01.820+01:00</Created>
                    <Originated>2011-04-18T09:16:01.820+01:00</Originated>
                    <Title Lang="en-GB">Determining Allowances</Title>
                    <DefaultDisposalScheduleId>7bc023fc-526e-41a9-942b-834c73ad68fb</DefaultDisposalScheduleId>
                    <ContextualElements>
                        <ContextualElement DefId="8b4262a7-87f7-42fb-a38d-f6e5ea18d29f">1.1</ContextualElement>
                    </ContextualElements>
                    <HierarchicalParentClassId>8368253a-9d9d-4508-80a9-1adc06d1d4b5</HierarchicalParentClassId>
                </HierarchicalClass>
                <HierarchicalClass SystemId="004fb659-b81c-4528-b95c-fd662fa47283" ExportedInFull="1">
                    <AccessControlList IncludeInheritedRoles="1" />
                    <Created>2011-04-18T09:21:36.102+01:00</Created>
                    <Originated>2011-04-18T09:21:36.102+01:00</Originated>
                    <Title Lang="en-GB">Establishing Conditions of Employment</Title>
                    <ContextualElements>
                        <ContextualElement DefId="8b4262a7-87f7-42fb-a38d-f6e5ea18d29f">1.2</ContextualElement>
                    </ContextualElements>
                    <HierarchicalParentClassId>8368253a-9d9d-4508-80a9-1adc06d1d4b5</HierarchicalParentClassId>
                </HierarchicalClass>
                <HierarchicalClass SystemId="f32cfd1c-17ec-4034-9511-074f30fd36ea" ExportedInFull="1">
                    <AccessControlList IncludeInheritedRoles="1" />
                    <Created>2011-04-18T09:25:49.601+01:00</Created>
                    <Originated>2011-04-18T09:25:49.601+01:00</Originated>
                    <Title Lang="en-GB">Appointments</Title>
                    <ContextualElements>
                        <ContextualElement DefId="8b4262a7-87f7-42fb-a38d-f6e5ea18d29f">1.2.1</ContextualElement>
                    </ContextualElements>
                    <HierarchicalParentClassId>004fb659-b81c-4528-b95c-fd662fa47283</HierarchicalParentClassId>
                </HierarchicalClass>
                <HierarchicalClass SystemId="c8109870-4f7a-488f-95e1-48ad08146fb5" ExportedInFull="1">
                    <AccessControlList IncludeInheritedRoles="1" />
                    <Created>2011-04-18T09:32:22.218+01:00</Created>
                    <Originated>2011-04-18T09:32:22.218+01:00</Originated>
                    <Title Lang="en-GB">Apprenticeships</Title>
                    <DefaultDisposalScheduleId>7bc023fc-526e-41a9-942b-834c73ad68fb</DefaultDisposalScheduleId>
                    <ContextualElements>
                        <ContextualElement DefId="8b4262a7-87f7-42fb-a38d-f6e5ea18d29f">1.2.2</ContextualElement>
                    </ContextualElements>
                    <HierarchicalParentClassId>004fb659-b81c-4528-b95c-fd662fa47283</HierarchicalParentClassId>
                </HierarchicalClass>
                <HierarchicalClass SystemId="3a555d8e-4fc9-47ae-a8d2-d64515d8ee81" ExportedInFull="1">
                    <AccessControlList IncludeInheritedRoles="1" />
                    <Created>2011-04-18T09:46:41.594+01:00</Created>
                    <Originated>2011-04-18T09:46:41.594+01:00</Originated>
                    <Title Lang="en-GB">Childcare</Title>
                    <DefaultDisposalScheduleId>7bc023fc-526e-41a9-942b-834c73ad68fb</DefaultDisposalScheduleId>
                    <ContextualElements>
                        <ContextualElement DefId="8b4262a7-87f7-42fb-a38d-f6e5ea18d29f">1.2.3</ContextualElement>
                    </ContextualElements>
                    <HierarchicalParentClassId>004fb659-b81c-4528-b95c-fd662fa47283</HierarchicalParentClassId>
                </HierarchicalClass>
                <HierarchicalClass SystemId="7c057389-5f6f-4faf-a41a-75fce3b7503e" ExportedInFull="1">
                    <AccessControlList IncludeInheritedRoles="1" />
                    <Created>2011-04-18T09:48:02.902+01:00</Created>
                    <Originated>2011-04-18T09:48:02.902+01:00</Originated>
                    <Title Lang="en-GB">Flexible work arrangements</Title>
                    <DefaultDisposalScheduleId>7bc023fc-526e-41a9-942b-834c73ad68fb</DefaultDisposalScheduleId>
                    <ContextualElements>
                        <ContextualElement DefId="8b4262a7-87f7-42fb-a38d-f6e5ea18d29f">1.2.4</ContextualElement>
                    </ContextualElements>
                    <HierarchicalParentClassId>004fb659-b81c-4528-b95c-fd662fa47283</HierarchicalParentClassId>
                </HierarchicalClass>
                <HierarchicalClass SystemId="a453bd64-20a0-4d39-8960-cd3d43e19cf7" ExportedInFull="1">
                    <AccessControlList IncludeInheritedRoles="1" />
                    <Created>2011-04-18T09:50:07.620+01:00</Created>
                    <Originated>2011-04-18T09:50:07.620+01:00</Originated>
                    <Title Lang="en-GB">Calculating leave</Title>
                    <DefaultDisposalScheduleId>7bc023fc-526e-41a9-942b-834c73ad68fb</DefaultDisposalScheduleId>
                    <ContextualElements>
                        <ContextualElement DefId="8b4262a7-87f7-42fb-a38d-f6e5ea18d29f">1.3</ContextualElement>
                    </ContextualElements>
                    <HierarchicalParentClassId>8368253a-9d9d-4508-80a9-1adc06d1d4b5</HierarchicalParentClassId>
                </HierarchicalClass>
                <HierarchicalClass SystemId="fc380583-8be6-4727-b212-ee8fcad0fa87" ExportedInFull="1">
                    <AccessControlList IncludeInheritedRoles="1" />
                    <Created>2011-04-18T09:53:46.189+01:00</Created>
                    <Originated>2011-04-18T09:53:46.189+01:00</Originated>
                    <Title Lang="en-GB">Accrual</Title>
                    <ContextualElements>
                        <ContextualElement DefId="8b4262a7-87f7-42fb-a38d-f6e5ea18d29f">1.3.1</ContextualElement>
                    </ContextualElements>
                    <HierarchicalParentClassId>a453bd64-20a0-4d39-8960-cd3d43e19cf7</HierarchicalParentClassId>
                </HierarchicalClass>
                <HierarchicalClass SystemId="c13b15d4-fcb2-4bf9-9c4b-8d750ae9136e" ExportedInFull="1">
                    <AccessControlList IncludeInheritedRoles="1" />
                    <Created>2011-04-18T09:57:29.452+01:00</Created>
                    <Originated>2011-04-18T09:57:29.452+01:00</Originated>
                    <Title Lang="en-GB">Entitlements</Title>
                    <ContextualElements>
                        <ContextualElement DefId="8b4262a7-87f7-42fb-a38d-f6e5ea18d29f">1.3.2</ContextualElement>
                    </ContextualElements>
                    <HierarchicalParentClassId>a453bd64-20a0-4d39-8960-cd3d43e19cf7</HierarchicalParentClassId>
                </HierarchicalClass>
                <HierarchicalClass SystemId="62627a5d-27b2-4d1a-97da-b6b321462a79" ExportedInFull="1">
                    <AccessControlList IncludeInheritedRoles="1" />
                    <Created>2011-04-18T09:59:51.823+01:00</Created>
                    <Originated>2011-04-18T09:59:51.823+01:00</Originated>
                    <Title Lang="en-GB">Holidays</Title>
                    <ContextualElements>
                        <ContextualElement DefId="8b4262a7-87f7-42fb-a38d-f6e5ea18d29f">1.3.3</ContextualElement>
                    </ContextualElements>
                    <HierarchicalParentClassId>a453bd64-20a0-4d39-8960-cd3d43e19cf7</HierarchicalParentClassId>
                </HierarchicalClass>
                <HierarchicalClass SystemId="277f86bc-557f-45e3-9f73-38f24ea98c9d" ExportedInFull="1">
                    <AccessControlList IncludeInheritedRoles="1" />
                    <Created>2011-04-18T10:01:15.109+01:00</Created>
                    <Originated>2011-04-18T10:01:15.109+01:00</Originated>
                    <Title Lang="en-GB">Recruiting Employees</Title>
                    <DefaultDisposalScheduleId>fa61e854-6405-4414-aff7-9f4c54d914ca</DefaultDisposalScheduleId>
                    <ContextualElements>
                        <ContextualElement DefId="8b4262a7-87f7-42fb-a38d-f6e5ea18d29f">1.4</ContextualElement>
                    </ContextualElements>
                    <HierarchicalParentClassId>8368253a-9d9d-4508-80a9-1adc06d1d4b5</HierarchicalParentClassId>
                </HierarchicalClass>
                <HierarchicalClass SystemId="beb6eefe-664c-4b9a-87c3-7343e0f383d1" ExportedInFull="1">
                    <AccessControlList IncludeInheritedRoles="1" />
                    <Created>2011-04-18T10:03:08.898+01:00</Created>
                    <Originated>2011-04-18T10:03:08.898+01:00</Originated>
                    <Title Lang="en-GB">Determining Salaries</Title>
                    <ContextualElements>
                        <ContextualElement DefId="8b4262a7-87f7-42fb-a38d-f6e5ea18d29f">1.5</ContextualElement>
                    </ContextualElements>
                    <HierarchicalParentClassId>8368253a-9d9d-4508-80a9-1adc06d1d4b5</HierarchicalParentClassId>
                </HierarchicalClass>
                <HierarchicalClass SystemId="be5c1228-c416-4e15-846f-8d27894c2253" ExportedInFull="1">
                    <AccessControlList IncludeInheritedRoles="1" />
                    <Created>2011-04-18T10:10:27.723+01:00</Created>
                    <Originated>2011-04-18T10:10:27.723+01:00</Originated>
                    <Title Lang="en-GB">Deductions</Title>
                    <DefaultDisposalScheduleId>9cf4636f-d79e-4446-b3cd-94706a87e175</DefaultDisposalScheduleId>
                    <ContextualElements>
                        <ContextualElement DefId="8b4262a7-87f7-42fb-a38d-f6e5ea18d29f">1.5.1</ContextualElement>
                    </ContextualElements>
                    <HierarchicalParentClassId>beb6eefe-664c-4b9a-87c3-7343e0f383d1</HierarchicalParentClassId>
                </HierarchicalClass>
                <HierarchicalClass SystemId="efcbe59c-24ce-4902-8a8a-93696d82173f" ExportedInFull="1">
                    <AccessControlList IncludeInheritedRoles="1" />
                    <Created>2011-04-18T10:16:29.392+01:00</Created>
                    <Originated>2011-04-18T10:16:29.392+01:00</Originated>
                    <Title Lang="en-GB">Overtime</Title>
                    <DefaultDisposalScheduleId>7bc023fc-526e-41a9-942b-834c73ad68fb</DefaultDisposalScheduleId>
                    <ContextualElements>
                        <ContextualElement DefId="8b4262a7-87f7-42fb-a38d-f6e5ea18d29f">1.5.2</ContextualElement>
                    </ContextualElements>
                    <HierarchicalParentClassId>beb6eefe-664c-4b9a-87c3-7343e0f383d1</HierarchicalParentClassId>
                </HierarchicalClass>
                <HierarchicalClass SystemId="3f9c89d1-a97b-48de-9709-06143c05d902" ExportedInFull="1">
                    <AccessControlList IncludeInheritedRoles="1" />
                    <Created>2011-04-18T10:18:41.103+01:00</Created>
                    <Originated>2011-04-18T10:18:41.103+01:00</Originated>
                    <Title Lang="en-GB">Remuneration</Title>
                    <DefaultDisposalScheduleId>9cf4636f-d79e-4446-b3cd-94706a87e175</DefaultDisposalScheduleId>
                    <ContextualElements>
                        <ContextualElement DefId="8b4262a7-87f7-42fb-a38d-f6e5ea18d29f">1.5.3</ContextualElement>
                    </ContextualElements>
                    <HierarchicalParentClassId>beb6eefe-664c-4b9a-87c3-7343e0f383d1</HierarchicalParentClassId>
                </HierarchicalClass>
                <HierarchicalClass SystemId="12e883c6-f46a-4e87-b0f7-9c911b561d79" ExportedInFull="1">
                    <AccessControlList IncludeInheritedRoles="1" />
                    <Created>2011-04-18T10:20:56.289+01:00</Created>
                    <Originated>2011-04-18T10:20:56.289+01:00</Originated>
                    <Title Lang="en-GB">Superannuation</Title>
                    <DefaultDisposalScheduleId>9cf4636f-d79e-4446-b3cd-94706a87e175</DefaultDisposalScheduleId>
                    <ContextualElements>
                        <ContextualElement DefId="8b4262a7-87f7-42fb-a38d-f6e5ea18d29f">1.5.4</ContextualElement>
                    </ContextualElements>
                    <HierarchicalParentClassId>beb6eefe-664c-4b9a-87c3-7343e0f383d1</HierarchicalParentClassId>
                </HierarchicalClass>
            </Classes>
        </Service>
        <!-- disposal scheduling service -->
        <Service SystemId="c075a9cf-2614-4d89-aa8f-bd712faed9aa">
            <ServiceProperties ExportedInFull="0">
                <AccessControlList>
                    <AccessControlEntry UserOrGroupId="35a56e2a-2bee-4eed-a413-c02f2544a631">
                        <RoleId>f2a57e48-77f0-491a-8238-ee4dd5de2b5d</RoleId>
                    </AccessControlEntry>
                </AccessControlList>
                <SupplierInformation Lang="en-GB">MoReq Governance Board</SupplierInformation>
                <DefaultLanguage>en-GB</DefaultLanguage>
                <Title Lang="en-GB">Disposal Scheduling Service</Title>
                <OwnerInformation Lang="en-GB">DLM Forum Foundation</OwnerInformation>
                <ImplementsServices>
                    <ImplementsServiceId>fd05e284-181f-4f5d-bd8c-4bed835c8931</ImplementsServiceId> <!-- disposal scheduling service -->
                    <ImplementsServiceId>f09984a5-dd31-44d8-9607-22521667c78a</ImplementsServiceId> <!-- searching and reporting service -->
                    <ImplementsServiceId>2777ab81-057e-4aa4-9595-69459ec2dc1e</ImplementsServiceId> <!-- export service -->
                </ImplementsServices>
                <ImplementsModules>
                    <ImplementsModuleId>0f9584e5-552a-4a79-a8ea-3c2801765255</ImplementsModuleId> <!-- GUI -->
                </ImplementsModules>
                <McrsCertificates>
                    <McrsCertificateId>00000000-0000-0000-0000-000000000000</McrsCertificateId>
                </McrsCertificates>
            </ServiceProperties>
            <DisposalSchedules>
                <DisposalSchedule SystemId="ea5d6b82-9a9e-4dcb-af25-d04a0af5d0a2" ExportedInFull="0">
                    <AccessControlList IncludeInheritedRoles="1" />
                    <Created>2011-04-08T11:24:58.362+01:00</Created>
                    <Originated>2011-04-08T11:24:58.362+01:00</Originated>
                    <FirstUsed>2011-04-13T10:56:27.198+01:00</FirstUsed>
                    <Title Lang="en-GB">Retain Permanently</Title>
                    <Mandate Lang="en-GB">Policy Directive 11.13, January 2011</Mandate>
                    <DisposalAction>1</DisposalAction>
                </DisposalSchedule>
                <DisposalSchedule SystemId="fa61e854-6405-4414-aff7-9f4c54d914ca" ExportedInFull="0">
                    <AccessControlList IncludeInheritedRoles="1" />
                    <Created>2011-04-08T12:14:48.091+01:00</Created>
                    <Originated>2011-04-08T12:14:48.091+01:00</Originated>
                    <FirstUsed>2011-04-13T11:41:15.118+01:00</FirstUsed>
                    <Title Lang="en-GB">Review Quarterly 2 Years After Aggregation Closed</Title>
                    <Mandate Lang="en-GB">Policy Directive 11.13, January 2011</Mandate>
                    <DisposalAction>2</DisposalAction>
                    <RetentionTrigger>6</RetentionTrigger>
                    <RetentionInterval>4</RetentionInterval>
                    <RetentionIntervalDuration>2</RetentionIntervalDuration>
                    <RetentionOffset>2</RetentionOffset>
                    <ConfirmationInterval>2</ConfirmationInterval>
                    <ConfirmationIntervalDuration>13</ConfirmationIntervalDuration>
                </DisposalSchedule>
                <DisposalSchedule SystemId="7bc023fc-526e-41a9-942b-834c73ad68fb" ExportedInFull="0">
                    <AccessControlList IncludeInheritedRoles="1" />
                    <Created>2011-04-08T14:06:02.211+01:00</Created>
                    <Originated>2011-04-08T14:06:02.211+01:00</Originated>
                    <FirstUsed>2011-04-13T10:23:38.723+01:00</FirstUsed>
                    <Title Lang="en-GB">Transfer 5 Years After Last Record Added To Aggregation</Title>
                    <Mandate Lang="en-GB">Policy Directive 11.13, January 2011</Mandate>
                    <DisposalAction>3</DisposalAction>
                    <RetentionTrigger>5</RetentionTrigger>
                    <RetentionInterval>4</RetentionInterval>
                    <RetentionIntervalDuration>5</RetentionIntervalDuration>
                    <RetentionOffset>0</RetentionOffset>
                    <ConfirmationInterval>2</ConfirmationInterval>
                    <ConfirmationIntervalDuration>4</ConfirmationIntervalDuration>
                </DisposalSchedule>
                <DisposalSchedule SystemId="9cf4636f-d79e-4446-b3cd-94706a87e175" ExportedInFull="0">
                    <AccessControlList IncludeInheritedRoles="1" />
                    <Created>2011-04-08T14:21:27.731+01:00</Created>
                    <Originated>2011-04-08T14:21:27.731+01:00</Originated>
                    <FirstUsed>2011-04-13T11:18:32.929+01:00</FirstUsed>
                    <Title Lang="en-GB">Destroy 7 Years After Year In Which Record Created</Title>
                    <Mandate Lang="en-GB">Policy Directive 11.13, January 2011</Mandate>
                    <DisposalAction>4</DisposalAction>
                    <RetentionTrigger>2</RetentionTrigger>
                    <RetentionInterval>4</RetentionInterval>
                    <RetentionIntervalDuration>7</RetentionIntervalDuration>
                    <RetentionOffset>3</RetentionOffset>
                    <RetentionOffsetMonth>1</RetentionOffsetMonth>
                    <ConfirmationInterval>2</ConfirmationInterval>
                    <ConfirmationIntervalDuration>6</ConfirmationIntervalDuration>
                </DisposalSchedule>
            </DisposalSchedules>
        </Service>
        <!-- metadata service - includes a template for hierarchical classes -->
        <Service SystemId="a9e8f894-bde3-45dd-a2fb-d93d67fd4eb6">
            <ServiceProperties ExportedInFull="0">
                <AccessControlList>
                    <AccessControlEntry UserOrGroupId="35a56e2a-2bee-4eed-a413-c02f2544a631">
                        <RoleId>f2a57e48-77f0-491a-8238-ee4dd5de2b5d</RoleId>
                    </AccessControlEntry>
                </AccessControlList>
                <SupplierInformation Lang="en-GB">MoReq Governance Board</SupplierInformation>
                <DefaultLanguage>en-GB</DefaultLanguage>
                <Title Lang="en-GB">Metadata Service</Title>
                <OwnerInformation Lang="en-GB">DLM Forum Foundation</OwnerInformation>
                <ImplementsServices>
                    <ImplementsServiceId>a600f8d0-2d58-418e-bb41-211d1fd42350</ImplementsServiceId> <!-- model metadata service -->
                    <ImplementsServiceId>f09984a5-dd31-44d8-9607-22521667c78a</ImplementsServiceId> <!-- searching and reporting service -->
                    <ImplementsServiceId>2777ab81-057e-4aa4-9595-69459ec2dc1e</ImplementsServiceId> <!-- export service -->
                </ImplementsServices>
                <ImplementsModules>
                    <ImplementsModuleId>0f9584e5-552a-4a79-a8ea-3c2801765255</ImplementsModuleId> <!-- GUI -->
                </ImplementsModules>
                <McrsCertificates>
                    <McrsCertificateId>00000000-0000-0000-0000-000000000000</McrsCertificateId>
                </McrsCertificates>
            </ServiceProperties>
            <Templates>
                <Template SystemId="800a1115-2c95-4841-8253-13628ba9eaf2" ExportedInFull="0">
                    <AccessControlList IncludeInheritedRoles="1" />
                    <Created>2011-04-14T15:19:51.275+01:00</Created>
                    <Originated>2011-04-14T15:19:51.275+01:00</Originated>
                    <FirstUsed>2011-04-18T09:12:31.289+01:00</FirstUsed>
                    <Title Lang="en-GB">Template for hierarchical classes</Title>
                    <Description Lang="en-GB">Automatically applied to hierarchical classes on creation</Description>
                    <TemplateEntityTypes>
                        <TemplateEntityTypeId>8e98092d-e20b-48ea-b3d6-ca75375590ee</TemplateEntityTypeId> <!-- hierarchical class -->
                    </TemplateEntityTypes>
                    <TemplateServices>
                        <TemplateServiceId>5dd1029d-09e5-40a1-a9c0-e396fac8e0fd</TemplateServiceId> <!-- classification service -->
                    </TemplateServices>
                    <TemplateMetadataDefinitions>
                        <ContextualMetadataDefId>8b4262a7-87f7-42fb-a38d-f6e5ea18d29f</ContextualMetadataDefId>
                    </TemplateMetadataDefinitions>
                </Template>
            </Templates>
        </Service>
        <!-- bundled user and group service AND role service -->
        <Service SystemId="3f7e1493-e2a3-490a-b9dd-29a391935d62">
            <ServiceProperties ExportedInFull="0">
                <AccessControlList>
                    <AccessControlEntry UserOrGroupId="35a56e2a-2bee-4eed-a413-c02f2544a631">
                        <RoleId>f2a57e48-77f0-491a-8238-ee4dd5de2b5d</RoleId>
                    </AccessControlEntry>
                </AccessControlList>
                <SupplierInformation Lang="en-GB">MoReq Governance Board</SupplierInformation>
                <DefaultLanguage>en-GB</DefaultLanguage>
                <Title Lang="en-GB">User, Group and Role Service</Title>
                <OwnerInformation Lang="en-GB">DLM Forum Foundation</OwnerInformation>
                <ImplementsServices>
                    <ImplementsServiceId>cd532472-85b0-4c1c-82b4-5c8370b7d0e6</ImplementsServiceId> <!-- user and group service -->
                    <ImplementsServiceId>2f6d05c6-51e6-4a32-a7fc-c0a6883eb85b</ImplementsServiceId> <!-- model role service -->
                    <ImplementsServiceId>f09984a5-dd31-44d8-9607-22521667c78a</ImplementsServiceId> <!-- searching and reporting service -->
                    <ImplementsServiceId>2777ab81-057e-4aa4-9595-69459ec2dc1e</ImplementsServiceId> <!-- export service -->
                </ImplementsServices>
                <ImplementsModules>
                    <ImplementsModuleId>0f9584e5-552a-4a79-a8ea-3c2801765255</ImplementsModuleId> <!-- GUI -->
                </ImplementsModules>
                <McrsCertificates>
                    <McrsCertificateId>00000000-0000-0000-0000-000000000000</McrsCertificateId>
                </McrsCertificates>
            </ServiceProperties>
            <Users>
                <User SystemId="9467dfe3-9e9b-440a-a194-c7f6be00c9e7" ExportedInFull="0">
                    <AccessControlList IncludeInheritedRoles="1" />
                    <Created>2011-04-01T12:09:08.043+01:00</Created>
                    <Originated>2011-04-01T12:09:08.043+01:00</Originated>
                    <FirstUsed>2011-04-01T16:34:21.063+01:00</FirstUsed>
                    <Title Lang="en-GB">Anja</Title>
                    <GroupMembership>
                        <GroupId>35a56e2a-2bee-4eed-a413-c02f2544a631</GroupId> <!-- Admin Group -->
                    </GroupMembership>
                </User>
            </Users>
            <Groups>
                <Group SystemId="35a56e2a-2bee-4eed-a413-c02f2544a631" ExportedInFull="0">
                    <AccessControlList IncludeInheritedRoles="1" />
                    <Created>2011-04-01T10:49:12.967+01:00</Created>
                    <Originated>2011-04-01T10:49:12.967+01:00</Originated>
                    <FirstUsed>2011-04-01T12:09:08.043+01:00</FirstUsed>
                    <Title Lang="en-GB">Admin Group</Title>
                    <Description Lang="en-GB">Administrators of the records system</Description>
                </Group>
            </Groups>
            <Roles>
                <Role SystemId="f2a57e48-77f0-491a-8238-ee4dd5de2b5d" ExportedInFull="0">
                    <AccessControlList IncludeInheritedRoles="1" />
                    <Created>2011-04-01T09:30:19.672+01:00</Created>
                    <Originated>2011-04-01T09:30:19.672+01:00</Originated>
                    <FirstUsed>2011-04-08T09:56:43.924+01:00</FirstUsed>
                    <IsAdministrativeRole>1</IsAdministrativeRole>
                    <Title Lang="en-GB">Administrator</Title>
                    <Description Lang="en-GB">Access to ALL functions for ALL entity types</Description>
                    <FunctionDefinitions>
                        <FunctionId>f6c7d6a4-c69e-4d33-9d4a-4137274b68da</FunctionId>
                        <FunctionId>746b7ffc-d9a4-43d9-9dfa-01f6d1e8f671</FunctionId>
                        <FunctionId>0ef1d20b-a65f-4b0a-b2a0-e7b3a9a665f4</FunctionId>
                        <FunctionId>09fb9edc-d179-49dc-b069-a435f162e6fd</FunctionId>
                        <FunctionId>6054ae16-2036-424e-9bb7-aedb6e8229cc</FunctionId>
                        <FunctionId>ae8dd3fe-3e02-4aa5-b9d0-840e0ea5b68b</FunctionId>
                        <FunctionId>bff0f6be-8b87-454e-b4a9-a8ca584e574b</FunctionId>
                        <FunctionId>8e6f41c0-fe66-4147-865b-7c3fd0d3b3aa</FunctionId>
                        <FunctionId>d54f1e11-36c9-451e-abff-9cfa6b7b28e7</FunctionId>
                        <FunctionId>f607266f-e7fd-4bba-bbd3-462772c1d653</FunctionId>
                        <FunctionId>c1de7c62-b4be-4622-99f5-f78ee88f41da</FunctionId>
                        <FunctionId>db9c7774-0799-45e0-999e-0018cbd71e97</FunctionId>
                        <FunctionId>2b8f6950-8dce-41ba-aec3-a3b8181a4739</FunctionId>
                        <FunctionId>148427cb-6e55-498d-8352-c13729ad09c5</FunctionId>
                        <FunctionId>d4104970-759a-45fc-aa83-43ca632a2307</FunctionId>
                        <FunctionId>3ed4bcd1-ae2f-4c34-a0e1-5ddde22d1453</FunctionId>
                        <FunctionId>7c533508-1967-401c-9aa4-a6ad85fb63d5</FunctionId>
                        <FunctionId>a938c62a-6dff-4f7f-9490-9780cfc74f8b</FunctionId>
                        <FunctionId>41388b8a-b380-4997-8925-9f678c1655fc</FunctionId>
                        <FunctionId>d7d6dc0f-3d13-4f98-8fd5-b2ad9163d2cc</FunctionId>
                        <FunctionId>5e4be488-5911-4fee-bb5b-bbc1e76bf8d4</FunctionId>
                        <FunctionId>c4285bfb-b62b-403c-9078-49522d881a85</FunctionId>
                        <FunctionId>f6134d1a-649d-4b0a-9da4-ce9e4b713d6f</FunctionId>
                        <FunctionId>e8adbb3a-6e5d-49d2-989f-dabbcc384133</FunctionId>
                        <FunctionId>145d6256-0974-46b1-b698-bc0d0ecadb57</FunctionId>
                        <FunctionId>fed36daf-26ce-4d44-8452-b0cc3607ab75</FunctionId>
                        <FunctionId>1ce37d0a-be50-410b-9518-a4919921255f</FunctionId>
                        <FunctionId>1107cc8a-798c-4d6f-8d95-55c9f87b43bc</FunctionId>
                        <FunctionId>8753d035-a402-4346-be10-5010e1f278b3</FunctionId>
                        <FunctionId>caced2b7-3496-4f0c-b679-6a8abc692c4a</FunctionId>
                        <FunctionId>7308ee79-510a-4738-bf79-07fd0e85f4af</FunctionId>
                        <FunctionId>aa06e05a-2d32-4a08-9902-bf1628ce506e</FunctionId>
                        <FunctionId>db27260a-e681-42b9-ad2f-64c5929b4f33</FunctionId>
                        <FunctionId>e12e910b-8a2e-4939-a34b-1f0eb06a9697</FunctionId>
                        <FunctionId>be1eadc6-d5a2-4d39-9a79-43c501b70cdb</FunctionId>
                        <FunctionId>f791a9a7-2470-491c-b5e5-31cc04a90788</FunctionId>
                        <FunctionId>59e9e6a6-b87a-4ca2-a615-36d04518e064</FunctionId>
                        <FunctionId>31e98553-840c-48ab-8514-df2a77e9ae87</FunctionId>
                        <FunctionId>23ab0db8-2a0a-495b-b7a2-211d577b2e00</FunctionId>
                        <FunctionId>d3110710-a391-4b15-b6c2-8e3f904549e2</FunctionId>
                        <FunctionId>3fa1c42b-1d1a-4888-8e26-f57a8d76df27</FunctionId>
                        <FunctionId>45e638b2-3eda-4a2d-b320-3b156ed82897</FunctionId>
                        <FunctionId>52e2be2e-3aa6-4854-8b7d-d58141cec8a5</FunctionId>
                        <FunctionId>e6b9b61f-7b7e-4a30-84bc-0908b44d21af</FunctionId>
                        <FunctionId>462a20ad-18d6-4875-b47e-b2ec992c612a</FunctionId>
                        <FunctionId>4b02e580-7fdb-4780-85ce-fdaa88fff88d</FunctionId>
                        <FunctionId>cc102e9a-953f-410f-9cf2-e527ba70e49b</FunctionId>
                        <FunctionId>971b7480-cb7e-43de-9a37-41c65cd65c7a</FunctionId>
                        <FunctionId>a729cbb2-ae32-46ca-a31b-de9a1b010100</FunctionId>
                        <FunctionId>f308349e-fd2a-46ed-a3bc-abfd458f30bd</FunctionId>
                        <FunctionId>1ff0d40d-2a88-4b31-88f9-c1efc135c618</FunctionId>
                        <FunctionId>812a29d1-a7ad-44d8-a7aa-4bab741e1e5b</FunctionId>
                        <FunctionId>dcde1a11-f6e8-44f6-b48b-d3e61e53b9e2</FunctionId>
                        <FunctionId>88fed471-3f1a-4171-8099-b35304d9aee5</FunctionId>
                        <FunctionId>25556d43-6aa9-41e5-b146-e98473e14024</FunctionId>
                        <FunctionId>bac5ebc1-c4c3-4ec0-ba97-7421d17ca968</FunctionId>
                        <FunctionId>8b26a551-b2c9-4940-ade6-ddf9ce771e62</FunctionId>
                        <FunctionId>2ef9758c-9143-4859-bf7f-f7e3384c8750</FunctionId>
                        <FunctionId>20f4d0e0-98c7-45b5-81d2-a14e67325f8e</FunctionId>
                        <FunctionId>a87eaf88-b537-4061-b57a-2d50e6fb5f9d</FunctionId>
                        <FunctionId>624f62eb-7e01-4e98-b886-291a1166698d</FunctionId>
                        <FunctionId>028167e8-309a-458f-8ae3-5dfbab73451d</FunctionId>
                        <FunctionId>31b963f1-392c-4bd6-a696-934a53142632</FunctionId>
                        <FunctionId>8ec42472-e351-4c7e-8c02-9da97677d9ac</FunctionId>
                        <FunctionId>d98a38e4-8a18-4141-a245-58043ada13c1</FunctionId>
                        <FunctionId>e9975a09-acdf-4ef7-8ae8-eae72c66cb03</FunctionId>
                        <FunctionId>a500ff2b-0518-459e-94d6-1f2f281b30d8</FunctionId>
                        <FunctionId>e6d3f367-ec8f-4cac-b65b-7285dd4b3358</FunctionId>
                        <FunctionId>0704069a-0129-4978-9e69-401da1dbdc0a</FunctionId>
                        <FunctionId>eedac611-18b3-46ab-9f78-ce5d105343f3</FunctionId>
                        <FunctionId>eceb7200-db40-40cd-8140-a8a2fb2adfea</FunctionId>
                        <FunctionId>4ba33648-4e99-421a-acc3-92f1579839e4</FunctionId>
                        <FunctionId>c1c23be7-1bfe-49bb-a9e6-648a947926af</FunctionId>
                        <FunctionId>e2cf111d-faa8-4dd4-ad4c-36e15ad603f7</FunctionId>
                        <FunctionId>712df19b-80e1-4dda-b3a4-1971b8ebcf67</FunctionId>
                        <FunctionId>60d37b06-55e5-44d9-998b-8b866afbecb9</FunctionId>
                        <FunctionId>5327775f-2899-4268-aa59-92f5f6ee2f4f</FunctionId>
                        <FunctionId>97039415-a9c2-4cf7-999d-f4135304d97a</FunctionId>
                        <FunctionId>30e6e15b-f889-4ff7-8a66-a695498b5565</FunctionId>
                        <FunctionId>ac82726d-804e-491d-a5ec-a27ffb986a91</FunctionId>
                        <FunctionId>41d00f75-2403-4d16-b825-f85acf6ee746</FunctionId>
                        <FunctionId>0201d5d3-e201-4c5a-90b1-1a98913ba09a</FunctionId>
                        <FunctionId>642ce23c-542f-40c1-912d-07897a1415de</FunctionId>
                        <FunctionId>d52f4721-d55b-4eee-aaab-f77d83e0dd55</FunctionId>
                        <FunctionId>bcadb823-13a1-4ba5-ae36-62b106132c7a</FunctionId>
                        <FunctionId>f48f825f-2afb-427e-bdaa-056bb025521c</FunctionId>
                        <FunctionId>b6d7687f-d94e-4281-8575-1302556ca6ba</FunctionId>
                        <FunctionId>b5ed9497-7ac2-4f95-8728-fd23d30d3b86</FunctionId>
                        <FunctionId>c3713f12-feb6-459e-a21a-7e63aaeeea6c</FunctionId>
                        <FunctionId>8b8c09d4-30aa-41c4-b0fc-1a0ecf4f9d88</FunctionId>
                        <FunctionId>a5423f4d-0f15-4376-8d22-b10affe3ae3a</FunctionId>
                        <FunctionId>35f8d31b-9db2-4d37-96a2-d0ad36533a92</FunctionId>
                        <FunctionId>72459e48-ea29-4b05-a125-75a36a0ea74f</FunctionId>
                        <FunctionId>2f04f823-c37a-4c68-b6fa-76be4a76cf7d</FunctionId>
                        <FunctionId>2a70d3d6-4f38-4666-82ac-82d0ceb5e608</FunctionId>
                        <FunctionId>f8f0cbb3-8f9e-4dc9-807e-36e351b85960</FunctionId>
                        <FunctionId>83fa3a37-8bee-494e-af7a-8c23e56bb106</FunctionId>
                        <FunctionId>09cb99bb-bcd8-45cd-b0a3-436aab6a46b5</FunctionId>
                        <FunctionId>19e3483a-dded-4e5f-a812-15b5a06da197</FunctionId>
                        <FunctionId>339c50b5-3e06-4507-80e5-946cfa9b3ba5</FunctionId>
                        <FunctionId>a221b6c3-4b3e-4737-a4f6-def8bded9af2</FunctionId>
                        <FunctionId>601253a3-723e-458b-be7d-2f4659c88eae</FunctionId>
                        <FunctionId>13d444bf-3ba2-4c38-adc5-b57ec9e86f74</FunctionId>
                        <FunctionId>9a91e950-48cd-4270-a592-dd41f4248ecc</FunctionId>
                        <FunctionId>5812baba-fd3f-49c0-8560-2068d3f8c994</FunctionId>
                        <FunctionId>fdb351ed-d8eb-41e9-9e15-8b1bf32a3798</FunctionId>
                        <FunctionId>e6f97ac3-c9cc-4036-a471-a00c865db8a6</FunctionId>
                        <FunctionId>e62728b4-13d7-4ef4-9833-7d8931c748e2</FunctionId>
                        <FunctionId>eb4f94b8-9c0d-4f44-8d7c-b73c45735e49</FunctionId>
                        <FunctionId>4f5f638f-f6ef-4917-adc0-82f90d065ef6</FunctionId>
                        <FunctionId>7e4d0e6b-e726-4e3b-87a4-d1f6df60137e</FunctionId>
                        <FunctionId>29ee9ad5-6f9d-4663-9f99-99dca188c70e</FunctionId>
                        <FunctionId>5e3380b4-da4a-4e1c-9387-5b83934ff1c2</FunctionId>
                        <FunctionId>b793efb9-fa12-41e9-9327-784324368bad</FunctionId>
                        <FunctionId>2249c5a3-e760-4a82-89b5-47b804ff4c32</FunctionId>
                        <FunctionId>069c29c9-15d9-42d8-8de4-a46b0405552a</FunctionId>
                        <FunctionId>c53ebf62-c69f-4e3d-b728-33252f4faa01</FunctionId>
                        <FunctionId>08f23ade-4023-46af-add7-39e6d399a5c3</FunctionId>
                        <FunctionId>c10b0afa-87b6-42be-a45d-55a663f2df54</FunctionId>
                        <FunctionId>b5782d06-9597-4c2b-aa18-1845e650ce05</FunctionId>
                        <FunctionId>246af58d-72a1-4e03-9a1d-3fe7094e00af</FunctionId>
                        <FunctionId>451fda23-8a3a-4a80-976f-9dd45a7eb1a5</FunctionId>
                        <FunctionId>8eec771e-6441-4b58-b771-cccbaa94c55f</FunctionId>
                        <FunctionId>55e02943-a58f-4f31-8207-dc44a390bd03</FunctionId>
                        <FunctionId>b969e173-ec5f-4046-95b5-f8e903d1e77b</FunctionId>
                        <FunctionId>f5833cf6-4d4a-43f9-bea8-77f768ba4e72</FunctionId>
                        <FunctionId>5a336626-eab8-451e-8e7c-547b8933f5f4</FunctionId>
                        <FunctionId>bd6c020f-9ef6-4263-880f-99f28b75ac13</FunctionId>
                        <FunctionId>2803e039-8e4c-44a3-9e50-aebf5c2649e7</FunctionId>
                        <FunctionId>59c2b665-aa89-4e87-8666-3d294f35a9e8</FunctionId>
                        <FunctionId>4cd52e0d-7972-499a-bc32-d7c81540094c</FunctionId>
                        <FunctionId>d0df9562-d560-4374-8ed8-07e4c3572d2a</FunctionId>
                        <FunctionId>00a53f17-9866-4f0f-a387-16b549249284</FunctionId>
                        <FunctionId>e2a1ab27-0a63-4abe-a2c7-a08c8027824c</FunctionId>
                        <FunctionId>e9a0bfa5-6292-4ba2-80c4-eeab1a4c9a7f</FunctionId>
                        <FunctionId>ad683cd9-9f6a-45f7-a00d-a34550196b27</FunctionId>
                        <FunctionId>40015ae8-17d7-4be4-a381-ae79066351ac</FunctionId>
                        <FunctionId>537292ac-e4c4-45c0-8188-5597ffa58997</FunctionId>
                        <FunctionId>d5be380f-b172-402a-898b-117d968c0ce3</FunctionId>
                        <FunctionId>8dbe7172-8919-4c42-a989-3d114a0812d4</FunctionId>
                        <FunctionId>9540ba23-531f-45cf-9d9c-99150890bd2f</FunctionId>
                        <FunctionId>92634d40-ac65-4f87-ae90-fbe914dfe318</FunctionId>
                        <FunctionId>5643fb8d-380b-4b0a-a30c-e0f09d3c2b0e</FunctionId>
                        <FunctionId>5a95ef31-8881-424e-adfa-e6a4bfd3456e</FunctionId>
                        <FunctionId>aa439637-6d4f-43e0-a63f-90b96f6be54f</FunctionId>
                        <FunctionId>37ff38c4-e14e-442c-aca6-1f1ad94ed41f</FunctionId>
                        <FunctionId>1d699116-21ca-4318-8b2c-5a72851de157</FunctionId>
                        <FunctionId>9c75f837-16aa-4e1c-b8d7-705376cd800b</FunctionId>
                        <FunctionId>142ba8e5-1cdf-4ca7-a6d6-2f8db1e4b08a</FunctionId>
                        <FunctionId>f5b7c65a-9b73-4769-969a-fde91d197381</FunctionId>
                        <FunctionId>d49046d1-984a-4ff0-b676-8598c2577466</FunctionId>
                        <FunctionId>acf69ef4-7c80-48de-a11a-896c09d58b05</FunctionId>
                        <FunctionId>2601f4d6-79df-4978-b860-b8e17b6520ce</FunctionId>
                        <FunctionId>2c3722d2-bc17-4008-9c60-58d3d7d72f83</FunctionId>
                        <FunctionId>2cde7448-6c71-4cff-988a-973e0701a824</FunctionId>
                        <FunctionId>3be51e0b-efd1-49e9-be3d-419ef6a60660</FunctionId>
                        <FunctionId>b2593eb6-a542-4d20-8942-3f2cd0218edf</FunctionId>
                        <FunctionId>a8783b53-6557-4885-88c5-3781508809cd</FunctionId>
                        <FunctionId>c33e48b3-2bc6-4851-b2e7-a40d602bfe1c</FunctionId>
                        <FunctionId>428eb316-5eb8-4bda-87d6-fa4cc42331a3</FunctionId>
                        <FunctionId>1262769d-024d-430f-a917-48b6a8e58d21</FunctionId>
                        <FunctionId>246c3b2f-66cb-4585-8b6f-d38162ddaf99</FunctionId>
                        <FunctionId>93dde507-4b84-4231-9641-8572f7b14c13</FunctionId>
                        <FunctionId>8fe366ae-0e72-4042-8a8a-57e296927ee5</FunctionId>
                        <FunctionId>ef1deffd-68a5-4f19-ac54-ae3184d991d3</FunctionId>
                        <FunctionId>53b191b5-def2-4ab3-a110-3959c52784dc</FunctionId>
                        <FunctionId>e3e88cce-a4b1-4860-9868-d9561f7417b3</FunctionId>
                        <FunctionId>25315f00-835e-4dfb-9894-80688eadbf2b</FunctionId>
                        <FunctionId>868fd38a-74d4-4534-b3ec-37b0ec4d65aa</FunctionId>
                        <FunctionId>aafece46-99dd-4e55-b0b2-81e5c0f1cf23</FunctionId>
                        <FunctionId>9ccb3ff0-b225-42bc-9edc-e05ed74547a5</FunctionId>
                        <FunctionId>a148a5ee-58ab-4b7b-a925-bb6f426b0d7a</FunctionId>
                        <FunctionId>2b0c7c88-ee72-4e83-87dd-ad9d98567789</FunctionId>
                        <FunctionId>c1a3d38b-72ee-48c2-983b-b028db002d7f</FunctionId>
                        <FunctionId>1f0784ee-3825-4422-ad45-46c3dee59c74</FunctionId>
                    </FunctionDefinitions>
                </Role>
            </Roles>
        </Service>
	</Services>

    <Events>
        <Event SystemId="567559dd-327f-4b34-96d1-37c10bef8ed6">
            <Created>2011-04-15T08:31:16.259+01:00</Created>
            <EventOccurred>2011-04-15T08:31:16.259+01:00</EventOccurred>
            <EventFunctionId>e9a0bfa5-6292-4ba2-80c4-eeab1a4c9a7f</EventFunctionId> <!-- Service – Inspect -->
            <PerformedByUserId>9467dfe3-9e9b-440a-a194-c7f6be00c9e7</PerformedByUserId>
            <PartServiceId>5dd1029d-09e5-40a1-a9c0-e396fac8e0fd</PartServiceId>
        </Event>
        <Event SystemId="4edb8fcd-cb62-4f4e-9474-b7ab70329494">
            <Created>2011-04-15T08:34:06.747+01:00</Created>
            <EventOccurred>2011-04-15T08:34:06.747+01:00</EventOccurred>
            <EventFunctionId>ad683cd9-9f6a-45f7-a00d-a34550196b27</EventFunctionId> <!-- Service – Inspect ACL -->
            <PerformedByUserId>9467dfe3-9e9b-440a-a194-c7f6be00c9e7</PerformedByUserId>
            <PartServiceId>5dd1029d-09e5-40a1-a9c0-e396fac8e0fd</PartServiceId>
        </Event>
        <Event SystemId="e8ecd29c-0309-4583-8d97-1ee755269092">
            <Created>2011-04-15T08:39:43.190+01:00</Created>
            <EventOccurred>2011-04-15T08:39:43.190+01:00</EventOccurred>
            <EventFunctionId>537292ac-e4c4-45c0-8188-5597ffa58997</EventFunctionId> <!-- Service – Modify ACL -->
            <PerformedByUserId>9467dfe3-9e9b-440a-a194-c7f6be00c9e7</PerformedByUserId>
            <PartServiceId>5dd1029d-09e5-40a1-a9c0-e396fac8e0fd</PartServiceId>
            <PartUserOrGroupId>35a56e2a-2bee-4eed-a413-c02f2544a631</PartUserOrGroupId>
            <GrantedRoleId>f2a57e48-77f0-491a-8238-ee4dd5de2b5d</GrantedRoleId>
        </Event>
        <Event SystemId="67f02163-c03b-40d4-978c-f34bc67a75f2">
            <Created>2011-04-18T09:12:31.289+01:00</Created>
            <EventOccurred>2011-04-18T09:12:31.289+01:00</EventOccurred>
            <EventFunctionId>a148a5ee-58ab-4b7b-a925-bb6f426b0d7a</EventFunctionId> <!-- Hierarchical Class - Create -->
            <PerformedByUserId>9467dfe3-9e9b-440a-a194-c7f6be00c9e7</PerformedByUserId>
            <PartClassId>8368253a-9d9d-4508-80a9-1adc06d1d4b5</PartClassId>
            <AppliedTemplateId>800a1115-2c95-4841-8253-13628ba9eaf2</AppliedTemplateId>
            <MetadataChanges>
                <MetadataChangeEntry DefId="077fc367-48ba-44a8-8afb-012d05ed1a16"> <!-- title -->
                    <NewValue Lang="en-GB">Managing Human Resources</NewValue>
                </MetadataChangeEntry>
                <MetadataChangeEntry DefId="b5a0997f-3285-4606-a20b-1d938b1415c7"> <!-- default disposal schedule -->
                    <NewValue>ea5d6b82-9a9e-4dcb-af25-d04a0af5d0a2</NewValue>
                </MetadataChangeEntry>
                <MetadataChangeEntry DefId="8b4262a7-87f7-42fb-a38d-f6e5ea18d29f"> <!-- hierarchical number (contextual) -->
                    <NewValue>1.</NewValue>
                </MetadataChangeEntry>
            </MetadataChanges>
        </Event>
        <Event SystemId="92e51725-a470-4a36-9a9f-4082b37b8e46">
            <Created>2011-04-18T09:16:01.820+01:00</Created>
            <EventOccurred>2011-04-18T09:16:01.820+01:00</EventOccurred>
            <EventFunctionId>a148a5ee-58ab-4b7b-a925-bb6f426b0d7a</EventFunctionId> <!-- Hierarchical Class - Create -->
            <PerformedByUserId>9467dfe3-9e9b-440a-a194-c7f6be00c9e7</PerformedByUserId>
            <PartClassId>76a45b73-4dee-40c3-9361-23d3157595c3</PartClassId>
            <PartNewParentId>8368253a-9d9d-4508-80a9-1adc06d1d4b5</PartNewParentId>
            <AppliedTemplateId>800a1115-2c95-4841-8253-13628ba9eaf2</AppliedTemplateId>
            <MetadataChanges>
                <MetadataChangeEntry DefId="077fc367-48ba-44a8-8afb-012d05ed1a16"> <!-- title -->
                    <NewValue Lang="en-GB">Determining Allowances</NewValue>
                </MetadataChangeEntry>
                <MetadataChangeEntry DefId="b5a0997f-3285-4606-a20b-1d938b1415c7"> <!-- default disposal schedule -->
                    <NewValue>7bc023fc-526e-41a9-942b-834c73ad68fb</NewValue>
                </MetadataChangeEntry>
                <MetadataChangeEntry DefId="8b4262a7-87f7-42fb-a38d-f6e5ea18d29f"> <!-- hierarchical number (contextual) -->
                    <NewValue>1.1</NewValue>
                </MetadataChangeEntry>
            </MetadataChanges>
        </Event>
        <Event SystemId="016ea406-2dc6-4dc3-a4e7-050b960f7d4e">
            <Created>2011-04-18T09:21:36.102+01:00</Created>
            <EventOccurred>2011-04-18T09:21:36.102+01:00</EventOccurred>
            <EventFunctionId>a148a5ee-58ab-4b7b-a925-bb6f426b0d7a</EventFunctionId> <!-- Hierarchical Class - Create -->
            <PerformedByUserId>9467dfe3-9e9b-440a-a194-c7f6be00c9e7</PerformedByUserId>
            <PartClassId>004fb659-b81c-4528-b95c-fd662fa47283</PartClassId>
            <PartNewParentId>8368253a-9d9d-4508-80a9-1adc06d1d4b5</PartNewParentId>
            <AppliedTemplateId>800a1115-2c95-4841-8253-13628ba9eaf2</AppliedTemplateId>
            <MetadataChanges>
                <MetadataChangeEntry DefId="077fc367-48ba-44a8-8afb-012d05ed1a16"> <!-- title -->
                    <NewValue Lang="en-GB">Establishing Conditions of Employment</NewValue>
                </MetadataChangeEntry>
                <MetadataChangeEntry DefId="8b4262a7-87f7-42fb-a38d-f6e5ea18d29f"> <!-- hierarchical number (contextual) -->
                    <NewValue>1.2</NewValue>
                </MetadataChangeEntry>
            </MetadataChanges>
        </Event>
        <Event SystemId="b5ccb4b5-7ba8-42b3-9ebb-0f99230f725d">
            <Created>2011-04-18T09:25:49.601+01:00</Created>
            <EventOccurred>2011-04-18T09:25:49.601+01:00</EventOccurred>
            <EventFunctionId>a148a5ee-58ab-4b7b-a925-bb6f426b0d7a</EventFunctionId> <!-- Hierarchical Class - Create -->
            <PerformedByUserId>9467dfe3-9e9b-440a-a194-c7f6be00c9e7</PerformedByUserId>
            <PartClassId>f32cfd1c-17ec-4034-9511-074f30fd36ea</PartClassId>
            <PartNewParentId>004fb659-b81c-4528-b95c-fd662fa47283</PartNewParentId>
            <AppliedTemplateId>800a1115-2c95-4841-8253-13628ba9eaf2</AppliedTemplateId>
            <MetadataChanges>
                <MetadataChangeEntry DefId="077fc367-48ba-44a8-8afb-012d05ed1a16"> <!-- title -->
                    <NewValue Lang="en-GB">Appointments</NewValue>
                </MetadataChangeEntry>
                <MetadataChangeEntry DefId="8b4262a7-87f7-42fb-a38d-f6e5ea18d29f"> <!-- hierarchical number (contextual) -->
                    <NewValue>1.2.1</NewValue>
                </MetadataChangeEntry>
            </MetadataChanges>
        </Event>
        <Event SystemId="2c944e62-db4c-48d4-8ea9-63d2796df4a8">
            <Created>2011-04-18T09:32:22.218+01:00</Created>
            <EventOccurred>2011-04-18T09:32:22.218+01:00</EventOccurred>
            <EventFunctionId>a148a5ee-58ab-4b7b-a925-bb6f426b0d7a</EventFunctionId> <!-- Hierarchical Class - Create -->
            <PerformedByUserId>9467dfe3-9e9b-440a-a194-c7f6be00c9e7</PerformedByUserId>
            <PartClassId>c8109870-4f7a-488f-95e1-48ad08146fb5</PartClassId>
            <PartNewParentId>004fb659-b81c-4528-b95c-fd662fa47283</PartNewParentId>
            <AppliedTemplateId>800a1115-2c95-4841-8253-13628ba9eaf2</AppliedTemplateId>
            <MetadataChanges>
                <MetadataChangeEntry DefId="077fc367-48ba-44a8-8afb-012d05ed1a16"> <!-- title -->
                    <NewValue Lang="en-GB">Apprenticeships</NewValue>
                </MetadataChangeEntry>
                <MetadataChangeEntry DefId="b5a0997f-3285-4606-a20b-1d938b1415c7"> <!-- default disposal schedule -->
                    <NewValue>7bc023fc-526e-41a9-942b-834c73ad68fb</NewValue>
                </MetadataChangeEntry>
                <MetadataChangeEntry DefId="8b4262a7-87f7-42fb-a38d-f6e5ea18d29f"> <!-- hierarchical number (contextual) -->
                    <NewValue>1.2.2</NewValue>
                </MetadataChangeEntry>
            </MetadataChanges>
        </Event>
        <Event SystemId="82d11832-c32c-4465-ab86-df0512b0bc44">
            <Created>2011-04-18T09:46:41.594+01:00</Created>
            <EventOccurred>2011-04-18T09:46:41.594+01:00</EventOccurred>
            <EventFunctionId>a148a5ee-58ab-4b7b-a925-bb6f426b0d7a</EventFunctionId> <!-- Hierarchical Class - Create -->
            <PerformedByUserId>9467dfe3-9e9b-440a-a194-c7f6be00c9e7</PerformedByUserId>
            <PartClassId>3a555d8e-4fc9-47ae-a8d2-d64515d8ee81</PartClassId>
            <PartNewParentId>004fb659-b81c-4528-b95c-fd662fa47283</PartNewParentId>
            <AppliedTemplateId>800a1115-2c95-4841-8253-13628ba9eaf2</AppliedTemplateId>
            <MetadataChanges>
                <MetadataChangeEntry DefId="077fc367-48ba-44a8-8afb-012d05ed1a16"> <!-- title -->
                    <NewValue Lang="en-GB">Childcare</NewValue>
                </MetadataChangeEntry>
                <MetadataChangeEntry DefId="b5a0997f-3285-4606-a20b-1d938b1415c7"> <!-- default disposal schedule -->
                    <NewValue>7bc023fc-526e-41a9-942b-834c73ad68fb</NewValue>
                </MetadataChangeEntry>
                <MetadataChangeEntry DefId="8b4262a7-87f7-42fb-a38d-f6e5ea18d29f"> <!-- hierarchical number (contextual) -->
                    <NewValue>1.2.3</NewValue>
                </MetadataChangeEntry>
            </MetadataChanges>
        </Event>
        <Event SystemId="f5c0b492-8cb3-4642-a8b5-c2b70f34fcfc">
            <Created>2011-04-18T09:48:02.902+01:00</Created>
            <EventOccurred>2011-04-18T09:48:02.902+01:00</EventOccurred>
            <EventFunctionId>a148a5ee-58ab-4b7b-a925-bb6f426b0d7a</EventFunctionId> <!-- Hierarchical Class - Create -->
            <PerformedByUserId>9467dfe3-9e9b-440a-a194-c7f6be00c9e7</PerformedByUserId>
            <PartClassId>7c057389-5f6f-4faf-a41a-75fce3b7503e</PartClassId>
            <PartNewParentId>004fb659-b81c-4528-b95c-fd662fa47283</PartNewParentId>
            <AppliedTemplateId>800a1115-2c95-4841-8253-13628ba9eaf2</AppliedTemplateId>
            <MetadataChanges>
                <MetadataChangeEntry DefId="077fc367-48ba-44a8-8afb-012d05ed1a16"> <!-- title -->
                    <NewValue Lang="en-GB">Flexible work arrangements</NewValue>
                </MetadataChangeEntry>
                <MetadataChangeEntry DefId="b5a0997f-3285-4606-a20b-1d938b1415c7"> <!-- default disposal schedule -->
                    <NewValue>7bc023fc-526e-41a9-942b-834c73ad68fb</NewValue>
                </MetadataChangeEntry>
                <MetadataChangeEntry DefId="8b4262a7-87f7-42fb-a38d-f6e5ea18d29f"> <!-- hierarchical number (contextual) -->
                    <NewValue>1.2.4</NewValue>
                </MetadataChangeEntry>
            </MetadataChanges>
        </Event>
        <Event SystemId="821d361b-e465-49e6-999e-e9b3ba937004">
            <Created>2011-04-18T09:50:07.620+01:00</Created>
            <EventOccurred>2011-04-18T09:50:07.620+01:00</EventOccurred>
            <EventFunctionId>a148a5ee-58ab-4b7b-a925-bb6f426b0d7a</EventFunctionId> <!-- Hierarchical Class - Create -->
            <PerformedByUserId>9467dfe3-9e9b-440a-a194-c7f6be00c9e7</PerformedByUserId>
            <PartClassId>a453bd64-20a0-4d39-8960-cd3d43e19cf7</PartClassId>
            <PartNewParentId>8368253a-9d9d-4508-80a9-1adc06d1d4b5</PartNewParentId>
            <AppliedTemplateId>800a1115-2c95-4841-8253-13628ba9eaf2</AppliedTemplateId>
            <MetadataChanges>
                <MetadataChangeEntry DefId="077fc367-48ba-44a8-8afb-012d05ed1a16"> <!-- title -->
                    <NewValue Lang="en-GB">Calculating leave</NewValue>
                </MetadataChangeEntry>
                <MetadataChangeEntry DefId="b5a0997f-3285-4606-a20b-1d938b1415c7"> <!-- default disposal schedule -->
                    <NewValue>7bc023fc-526e-41a9-942b-834c73ad68fb</NewValue>
                </MetadataChangeEntry>
                <MetadataChangeEntry DefId="8b4262a7-87f7-42fb-a38d-f6e5ea18d29f"> <!-- hierarchical number (contextual) -->
                    <NewValue>1.3</NewValue>
                </MetadataChangeEntry>
            </MetadataChanges>
        </Event>
        <Event SystemId="59c47449-b20b-4a71-8f27-6e131464d3d8">
            <Created>2011-04-18T09:53:46.189+01:00</Created>
            <EventOccurred>2011-04-18T09:53:46.189+01:00</EventOccurred>
            <EventFunctionId>a148a5ee-58ab-4b7b-a925-bb6f426b0d7a</EventFunctionId> <!-- Hierarchical Class - Create -->
            <PerformedByUserId>9467dfe3-9e9b-440a-a194-c7f6be00c9e7</PerformedByUserId>
            <PartClassId>fc380583-8be6-4727-b212-ee8fcad0fa87</PartClassId>
            <PartNewParentId>a453bd64-20a0-4d39-8960-cd3d43e19cf7</PartNewParentId>
            <AppliedTemplateId>800a1115-2c95-4841-8253-13628ba9eaf2</AppliedTemplateId>
            <MetadataChanges>
                <MetadataChangeEntry DefId="077fc367-48ba-44a8-8afb-012d05ed1a16"> <!-- title -->
                    <NewValue Lang="en-GB">Accrual</NewValue>
                </MetadataChangeEntry>
                <MetadataChangeEntry DefId="8b4262a7-87f7-42fb-a38d-f6e5ea18d29f"> <!-- hierarchical number (contextual) -->
                    <NewValue>1.3.1</NewValue>
                </MetadataChangeEntry>
            </MetadataChanges>
        </Event>
        <Event SystemId="f61228fa-e251-4436-834e-bdb825859c02">
            <Created>2011-04-18T09:57:29.452+01:00</Created>
            <EventOccurred>2011-04-18T09:57:29.452+01:00</EventOccurred>
            <EventFunctionId>a148a5ee-58ab-4b7b-a925-bb6f426b0d7a</EventFunctionId> <!-- Hierarchical Class - Create -->
            <PerformedByUserId>9467dfe3-9e9b-440a-a194-c7f6be00c9e7</PerformedByUserId>
            <PartClassId>c13b15d4-fcb2-4bf9-9c4b-8d750ae9136e</PartClassId>
            <PartNewParentId>a453bd64-20a0-4d39-8960-cd3d43e19cf7</PartNewParentId>
            <AppliedTemplateId>800a1115-2c95-4841-8253-13628ba9eaf2</AppliedTemplateId>
            <MetadataChanges>
                <MetadataChangeEntry DefId="077fc367-48ba-44a8-8afb-012d05ed1a16"> <!-- title -->
                    <NewValue Lang="en-GB">Entitlements</NewValue>
                </MetadataChangeEntry>
                <MetadataChangeEntry DefId="8b4262a7-87f7-42fb-a38d-f6e5ea18d29f"> <!-- hierarchical number (contextual) -->
                    <NewValue>1.3.2</NewValue>
                </MetadataChangeEntry>
            </MetadataChanges>
        </Event>
        <Event SystemId="36dca47e-835a-4dc7-8a7a-212a2523e7f2">
            <Created>2011-04-18T09:59:51.823+01:00</Created>
            <EventOccurred>2011-04-18T09:59:51.823+01:00</EventOccurred>
            <EventFunctionId>a148a5ee-58ab-4b7b-a925-bb6f426b0d7a</EventFunctionId> <!-- Hierarchical Class - Create -->
            <PerformedByUserId>9467dfe3-9e9b-440a-a194-c7f6be00c9e7</PerformedByUserId>
            <PartClassId>62627a5d-27b2-4d1a-97da-b6b321462a79</PartClassId>
            <PartNewParentId>a453bd64-20a0-4d39-8960-cd3d43e19cf7</PartNewParentId>
            <AppliedTemplateId>800a1115-2c95-4841-8253-13628ba9eaf2</AppliedTemplateId>
            <MetadataChanges>
                <MetadataChangeEntry DefId="077fc367-48ba-44a8-8afb-012d05ed1a16"> <!-- title -->
                    <NewValue Lang="en-GB">Holidays</NewValue>
                </MetadataChangeEntry>
                <MetadataChangeEntry DefId="8b4262a7-87f7-42fb-a38d-f6e5ea18d29f"> <!-- hierarchical number (contextual) -->
                    <NewValue>1.3.3</NewValue>
                </MetadataChangeEntry>
            </MetadataChanges>
        </Event>
        <Event SystemId="c9eac6d2-22f2-4121-8687-0c9391de6e87">
            <Created>2011-04-18T10:01:15.109+01:00</Created>
            <EventOccurred>2011-04-18T10:01:15.109+01:00</EventOccurred>
            <EventFunctionId>a148a5ee-58ab-4b7b-a925-bb6f426b0d7a</EventFunctionId> <!-- Hierarchical Class - Create -->
            <PerformedByUserId>9467dfe3-9e9b-440a-a194-c7f6be00c9e7</PerformedByUserId>
            <PartClassId>277f86bc-557f-45e3-9f73-38f24ea98c9d</PartClassId>
            <PartNewParentId>8368253a-9d9d-4508-80a9-1adc06d1d4b5</PartNewParentId>
            <AppliedTemplateId>800a1115-2c95-4841-8253-13628ba9eaf2</AppliedTemplateId>
            <MetadataChanges>
                <MetadataChangeEntry DefId="077fc367-48ba-44a8-8afb-012d05ed1a16"> <!-- title -->
                    <NewValue Lang="en-GB">Recruiting Employees</NewValue>
                </MetadataChangeEntry>
                <MetadataChangeEntry DefId="b5a0997f-3285-4606-a20b-1d938b1415c7"> <!-- default disposal schedule -->
                    <NewValue>fa61e854-6405-4414-aff7-9f4c54d914ca</NewValue>
                </MetadataChangeEntry>
                <MetadataChangeEntry DefId="8b4262a7-87f7-42fb-a38d-f6e5ea18d29f"> <!-- hierarchical number (contextual) -->
                    <NewValue>1.4</NewValue>
                </MetadataChangeEntry>
            </MetadataChanges>
        </Event>
        <Event SystemId="7489682f-425b-4e4a-b8e6-eb6831c0cf3c">
            <Created>2011-04-18T10:03:08.898+01:00</Created>
            <EventOccurred>2011-04-18T10:03:08.898+01:00</EventOccurred>
            <EventFunctionId>a148a5ee-58ab-4b7b-a925-bb6f426b0d7a</EventFunctionId> <!-- Hierarchical Class - Create -->
            <PerformedByUserId>9467dfe3-9e9b-440a-a194-c7f6be00c9e7</PerformedByUserId>
            <PartClassId>beb6eefe-664c-4b9a-87c3-7343e0f383d1</PartClassId>
            <PartNewParentId>8368253a-9d9d-4508-80a9-1adc06d1d4b5</PartNewParentId>
            <AppliedTemplateId>800a1115-2c95-4841-8253-13628ba9eaf2</AppliedTemplateId>
            <MetadataChanges>
                <MetadataChangeEntry DefId="077fc367-48ba-44a8-8afb-012d05ed1a16"> <!-- title -->
                    <NewValue Lang="en-GB">Determining Salaries</NewValue>
                </MetadataChangeEntry>
                <MetadataChangeEntry DefId="8b4262a7-87f7-42fb-a38d-f6e5ea18d29f"> <!-- hierarchical number (contextual) -->
                    <NewValue>1.5</NewValue>
                </MetadataChangeEntry>
            </MetadataChanges>
        </Event>
        <Event SystemId="33c0d372-713c-4dfa-802d-d21018ef6877">
            <Created>2011-04-18T10:10:27.723+01:00</Created>
            <EventOccurred>2011-04-18T10:10:27.723+01:00</EventOccurred>
            <EventFunctionId>a148a5ee-58ab-4b7b-a925-bb6f426b0d7a</EventFunctionId> <!-- Hierarchical Class - Create -->
            <PerformedByUserId>9467dfe3-9e9b-440a-a194-c7f6be00c9e7</PerformedByUserId>
            <PartClassId>be5c1228-c416-4e15-846f-8d27894c2253</PartClassId>
            <PartNewParentId>beb6eefe-664c-4b9a-87c3-7343e0f383d1</PartNewParentId>
            <AppliedTemplateId>800a1115-2c95-4841-8253-13628ba9eaf2</AppliedTemplateId>
            <MetadataChanges>
                <MetadataChangeEntry DefId="077fc367-48ba-44a8-8afb-012d05ed1a16"> <!-- title -->
                    <NewValue Lang="en-GB">Deductions</NewValue>
                </MetadataChangeEntry>
                <MetadataChangeEntry DefId="b5a0997f-3285-4606-a20b-1d938b1415c7"> <!-- default disposal schedule -->
                    <NewValue>9cf4636f-d79e-4446-b3cd-94706a87e175</NewValue>
                </MetadataChangeEntry>
                <MetadataChangeEntry DefId="8b4262a7-87f7-42fb-a38d-f6e5ea18d29f"> <!-- hierarchical number (contextual) -->
                    <NewValue>1.5.1</NewValue>
                </MetadataChangeEntry>
            </MetadataChanges>
        </Event>
        <Event SystemId="b77e719a-6a6b-475f-9f69-e8ad4cbda3f5">
            <Created>2011-04-18T10:16:29.392+01:00</Created>
            <EventOccurred>2011-04-18T10:16:29.392+01:00</EventOccurred>
            <EventFunctionId>a148a5ee-58ab-4b7b-a925-bb6f426b0d7a</EventFunctionId> <!-- Hierarchical Class - Create -->
            <PerformedByUserId>9467dfe3-9e9b-440a-a194-c7f6be00c9e7</PerformedByUserId>
            <PartClassId>efcbe59c-24ce-4902-8a8a-93696d82173f</PartClassId>
            <PartNewParentId>beb6eefe-664c-4b9a-87c3-7343e0f383d1</PartNewParentId>
            <AppliedTemplateId>800a1115-2c95-4841-8253-13628ba9eaf2</AppliedTemplateId>
            <MetadataChanges>
                <MetadataChangeEntry DefId="077fc367-48ba-44a8-8afb-012d05ed1a16"> <!-- title -->
                    <NewValue Lang="en-GB">Overtime</NewValue>
                </MetadataChangeEntry>
                <MetadataChangeEntry DefId="b5a0997f-3285-4606-a20b-1d938b1415c7"> <!-- default disposal schedule -->
                    <NewValue>7bc023fc-526e-41a9-942b-834c73ad68fb</NewValue>
                </MetadataChangeEntry>
                <MetadataChangeEntry DefId="8b4262a7-87f7-42fb-a38d-f6e5ea18d29f"> <!-- hierarchical number (contextual) -->
                    <NewValue>1.5.2</NewValue>
                </MetadataChangeEntry>
            </MetadataChanges>
        </Event>
        <Event SystemId="c258261f-df40-4a8c-9d9a-a31608cab599">
            <Created>2011-04-18T10:18:41.103+01:00</Created>
            <EventOccurred>2011-04-18T10:18:41.103+01:00</EventOccurred>
            <EventFunctionId>a148a5ee-58ab-4b7b-a925-bb6f426b0d7a</EventFunctionId> <!-- Hierarchical Class - Create -->
            <PerformedByUserId>9467dfe3-9e9b-440a-a194-c7f6be00c9e7</PerformedByUserId>
            <PartClassId>3f9c89d1-a97b-48de-9709-06143c05d902</PartClassId>
            <PartNewParentId>beb6eefe-664c-4b9a-87c3-7343e0f383d1</PartNewParentId>
            <AppliedTemplateId>800a1115-2c95-4841-8253-13628ba9eaf2</AppliedTemplateId>
            <MetadataChanges>
                <MetadataChangeEntry DefId="077fc367-48ba-44a8-8afb-012d05ed1a16"> <!-- title -->
                    <NewValue Lang="en-GB">Remuneration</NewValue>
                </MetadataChangeEntry>
                <MetadataChangeEntry DefId="b5a0997f-3285-4606-a20b-1d938b1415c7"> <!-- default disposal schedule -->
                    <NewValue>9cf4636f-d79e-4446-b3cd-94706a87e175</NewValue>
                </MetadataChangeEntry>
                <MetadataChangeEntry DefId="8b4262a7-87f7-42fb-a38d-f6e5ea18d29f"> <!-- hierarchical number (contextual) -->
                    <NewValue>1.5.3</NewValue>
                </MetadataChangeEntry>
            </MetadataChanges>
        </Event>
        <Event SystemId="110b388a-2e97-49b3-b59a-c69ac82da352">
            <Created>2011-04-18T10:20:56.289+01:00</Created>
            <EventOccurred>2011-04-18T10:20:56.289+01:00</EventOccurred>
            <EventFunctionId>a148a5ee-58ab-4b7b-a925-bb6f426b0d7a</EventFunctionId> <!-- Hierarchical Class - Create -->
            <PerformedByUserId>9467dfe3-9e9b-440a-a194-c7f6be00c9e7</PerformedByUserId>
            <PartClassId>12e883c6-f46a-4e87-b0f7-9c911b561d79</PartClassId>
            <PartNewParentId>beb6eefe-664c-4b9a-87c3-7343e0f383d1</PartNewParentId>
            <AppliedTemplateId>800a1115-2c95-4841-8253-13628ba9eaf2</AppliedTemplateId>
            <MetadataChanges>
                <MetadataChangeEntry DefId="077fc367-48ba-44a8-8afb-012d05ed1a16"> <!-- title -->
                    <NewValue Lang="en-GB">Superannuation</NewValue>
                </MetadataChangeEntry>
                <MetadataChangeEntry DefId="b5a0997f-3285-4606-a20b-1d938b1415c7"> <!-- default disposal schedule -->
                    <NewValue>9cf4636f-d79e-4446-b3cd-94706a87e175</NewValue>
                </MetadataChangeEntry>
                <MetadataChangeEntry DefId="8b4262a7-87f7-42fb-a38d-f6e5ea18d29f"> <!-- hierarchical number (contextual) -->
                    <NewValue>1.5.4</NewValue>
                </MetadataChangeEntry>
            </MetadataChanges>
        </Event>
    </Events>

	<ExportCompleted>2011-04-20T16:18:47.316+01:00</ExportCompleted>

</Export>
