<?xml version="1.0" encoding="ISO-8859-1"?>
<RegistrySubmission xsi:noNamespaceSchemaLocation="http://metadata.ces.mil/mdr/xsd/registry.xsd" xmlns:xsi="http://www.w3.org/2001/XMLSchema-instance">
    <Creator>
        <Salutation>Mr.</Salutation>
        <FirstName>David</FirstName>
        <LastName>McDaniel</LastName>
        <CommercialPhone>(703) 892-6062</CommercialPhone>
        <FaxPhone>(253) 663-2023</FaxPhone>
        <EmailAddress>davem@silverbulletinc.com</EmailAddress>
        <OrganizationName>Silver Bullet Solutions, Inc.</OrganizationName>
    </Creator>
    <Package>
        <EffectiveDate>09/23/2010</EffectiveDate>
        <SecurityClassification>Unclassified</SecurityClassification>
        <Definition>UML version of DM2 Logical Data Model (DoDAF DIV-2)</Definition>
        <Comment>Contains a Sparx Enterprise Architect file (.eap)</Comment>
        <OwnerProducer/>
        <SecurityMarking/>
        <Namespace>ARCH</Namespace>
        <InformationResourceName>DM2_EA_v2.02.eap</InformationResourceName>
        <InformationResourceVersion>2.02</InformationResourceVersion>
    </Package>
    <Transactions>
        <AddTransaction>
            <!-- Auto-generated for Amplifying Document file DM2_EA_v2.02.eap -->
            <EffectiveDate>09/23/2010</EffectiveDate>
            <SecurityClassification>Unclassified</SecurityClassification>
            <Definition>The Amplifying Document file, DM2_EA_v2.02.eap.</Definition>
            <Comment/>
            <OwnerProducer>US</OwnerProducer>
            <SecurityMarking>DIST_STMT_A</SecurityMarking>
            <Namespace>ARCH</Namespace>
            <InformationResourceName>DM2_EA_v2.02.eap</InformationResourceName>
            <InformationResourceVersion>2.02</InformationResourceVersion>
            <Context>{}</Context>
            <InformationResourceTypeDocument>
                <InformationResourceLocation>DM2_EA_v2.02.eap</InformationResourceLocation>
            </InformationResourceTypeDocument>
        </AddTransaction>
    </Transactions>
</RegistrySubmission>
